,Time_period(pri_age),ISO3,Country,Region,Region_full_name,Total_%(pri_age),Female_sex_%(pri_age),Male_sex_%(pri_age),Total_Population_data(pri_age),Female_population(pri_age),Male_population(pri_age),Rural_population(pri_age),Rural_population_rounded(pri_age),Rural_population_%(pri_age),Urban_population(pri_age),Urban_population_rounded(pri_age),Urban_population_%(pri_age)
1,,AFG,Afghanistan,SA,South Asia,,,,6422789,3136310,3286479,4785305.870144142,4785306.0,74.50510783001188,1637483.1298558586,1637483.0,25.494892169988127
2,2011,AGO,Angola,ESA,Eastern and Southern Africa,13.8166103363037,24.0201206207275,3.61843991279602,165268,78319,86949,65580.18758551686,65580.0,39.68111648081714,99687.81241448314,99688.0,60.31888351918286
3,2022,AIA,Anguilla,LAC,Latin America and Caribbean,3.66252994537354,,,4497034,2201637,2295397,1230884.6255837507,1230885.0,27.371032231105,3266149.3744162493,3266149.0,72.628967768895
4,2023,ALB,Albania,EECA,Eastern Europe and Central Asia,10.8653202056885,13.8284301757812,7.91849994659424,3913,1879,2034,467.15178095720785,467.0,11.938455940639097,3445.848219042792,3446.0,88.06154405936091
5,2023,AND,Andorra,WE,Western Europe,0.402520000934601,,,6029594,2998637,3030957,2079341.2296823915,2079341.0,34.48559272286644,3950252.7703176085,3950253.0,65.51440727713356
6,2023,ARE,United Arab Emirates,MENA,Middle East and North Africa,0.176060006022453,0.119460001587868,0.232739999890328,1413,698,715,0.0,0.0,0.0,1413.0,1413.0,100.0
7,2022,ARG,Argentina,LAC,Latin America and Caribbean,0.745880007743835,,,9977,4918,5059,7522.687045123726,7523.0,75.40029112081514,2454.312954876274,2454.0,24.599708879184863
8,2023,ARM,Armenia,EECA,Eastern Europe and Central Asia,7.72144985198975,8.3126802444458,7.18696022033691,4438912,2178695,2260217,360862.9205536307,360863.0,8.129535358070417,4078049.0794463693,4078049.0,91.87046464192959
9,2019,ATG,Antigua and Barbuda,LAC,Latin America and Caribbean,0.260628939349854,,,170862,80014,90848,62964.97558749514,62965.0,36.85136284691455,107897.02441250486,107897.0,63.14863715308545
10,2022,AUS,Australia,EAP,East Asia and Pacific,0.296409994363785,0.188909992575645,0.397989988327026,2316191,1128294,1187897,323994.8829243062,323995.0,13.988262752264655,1992196.1170756938,1992196.0,86.01173724773534
11,2022,AUT,Austria,WE,Western Europe,1.67592000961304,1.77406001091003,1.5837299823761,339525,164162,175363,141591.1992819779,141591.0,41.70273154612411,197933.8007180221,197934.0,58.29726845387589
12,2023,AZE,Azerbaijan,EECA,Eastern Europe and Central Asia,1.53812003135681,1.97991001605988,1.14781999588013,679757,314926,364831,301267.5705246943,301268.0,44.31989233280338,378489.4294753057,378489.0,55.68010766719662
13,2020,BDI,Burundi,ESA,Eastern and Southern Africa,17.8916492462158,16.5340690612793,19.240119934082,32477,15856,16621,5513.0009466922165,5513.0,16.97509297869944,26963.999053307783,26964.0,83.02490702130056
14,2022,BEL,Belgium,WE,Western Europe,1.224249958992,1.24960994720459,1.20002996921539,126069,60468,65601,13505.372916790293,13505.0,10.712683464444307,112563.6270832097,112564.0,89.28731653555569
15,2022,BEN,Benin,WCA,West and Central Africa,5.41629981994629,8.42584037780762,2.48192000389099,14600000,7160601,7471100,9251704.774331534,9251705.0,63.367840920079,5348295.225668466,5348295.0,36.632159079921
16,2023,BFA,Burkina Faso,WCA,West and Central Africa,41.8985595703125,41.3051414489746,42.4737396240234,18833,9265,9568,12967.103268991717,12967.0,68.85309440339678,5865.896731008283,5866.0,31.146905596603208
17,2023,BGD,Bangladesh,SA,South Asia,5.25908964994496,,,472058,228738,243320,101044.87452022627,101045.0,21.40518210055253,371013.12547977373,371013.0,78.59481789944746
18,2022,BGR,Bulgaria,EECA,Eastern Europe and Central Asia,5.29597997665405,5.2447099685669,5.34450006484985,807814,390963,416851,16147.401331945555,16147.0,1.9989009019335584,791666.5986680544,791667.0,98.00109909806645
19,2023,BHR,Bahrain,MENA,Middle East and North Africa,7.00361013412476,6.70523023605347,7.29068994522095,46257,22812,23445,25106.170474631577,25106.0,54.275397182332576,21150.829525368423,21151.0,45.72460281766743
20,2023,BHS,Bahamas,LAC,Latin America and Caribbean,29.3360500335693,29.2388896942139,29.4307994842529,1953149,962729,990420,1029070.7378908718,1029071.0,52.68777435264139,924078.2621091282,924078.0,47.31222564735861
21,2023,BIH,Bosnia and Herzegovina,EECA,Eastern Europe and Central Asia,15.6008396148682,15.8010301589966,15.409649848938,87787,43197,44590,51886.101643220645,51886.0,59.10453899007899,35900.898356779355,35901.0,40.89546100992101
22,2023,BLR,Belarus,EECA,Eastern Europe and Central Asia,4.15376996994019,5.76265001296997,2.61898994445801,1410929,690244,720685,431390.7460036732,431391.0,30.574943601249473,979538.2539963268,979538.0,69.42505639875053
23,2023,BLZ,Belize,LAC,Latin America and Caribbean,12.3902597427368,11.3917903900147,13.3429298400879,224861,109359,115502,116376.46572566028,116376.0,51.75484665000168,108484.53427433972,108485.0,48.24515334999832
24,2023,BOL,Bolivia (Plurinational State of),LAC,Latin America and Caribbean,4.15747976303101,3.933109998703,4.3724799156189,368907,182403,186504,112714.06862289191,112714.0,30.5535185352655,256192.9313771081,256193.0,69.4464814647345
25,2022,BRA,Brazil,LAC,Latin America and Caribbean,3.98446011543274,3.70276999473572,4.25298976898193,14000000,6904951,7108533,1880328.0559169278,1880328.0,13.430914685120912,12119671.944083072,12119672.0,86.56908531487909
26,2023,BRB,Barbados,LAC,Latin America and Caribbean,9.19851970672607,9.7052001953125,8.70820045471191,2111,1022,1089,1103.5846653425392,1104.0,52.27781455909707,1007.4153346574609,1007.0,47.72218544090293
27,2023,BRN,Brunei Darussalam,EAP,East Asia and Pacific,3.55499588317916,3.20064415479845,3.88367642253653,41250,19954,21296,9227.928980178585,9228.0,22.370736921645054,32022.071019821415,32022.0,77.62926307835495
28,2022,BTN,Bhutan,SA,South Asia,4.98077641907406,0.908739365815932,8.78978916907813,280848,136569,144279,70189.29061193307,70189.0,24.99191399331064,210658.70938806693,210659.0,75.00808600668935
29,2022,BWA,Botswana,ESA,Eastern and Southern Africa,10.070343846818,9.04222207359924,11.0725515664258,3569383,1753091,1816292,2521469.027699153,2521469.0,70.64159345464336,1047913.9723008473,1047914.0,29.35840654535664
30,2017,CAF,Central African Republic,WCA,West and Central Africa,15.1403532558985,24.9347244318367,5.50944491515476,1999843,994422,1005421,1739227.697255192,1739228.0,86.9682118673912,260615.30274480782,260615.0,13.031788132608801
31,2022,CAN,Canada,NA,North America,3.98843002319336,4.22783994674683,3.75969004631042,63179,31167,32012,21650.540775479596,21651.0,34.26857148020639,41528.459224520404,41528.0,65.73142851979361
32,2022,CHE,Switzerland,WE,Western Europe,0.263319998979568,0.228900000452995,0.29585000872612,2072019,1013380,1058639,1587419.0351169836,1587419.0,76.61218527035628,484599.9648830164,484600.0,23.387814729643715
33,2022,CHL,Chile,LAC,Latin America and Caribbean,1.29288005828857,1.99065005779266,0.620140016078949,4251079,2107553,2143526,1854571.527446332,1854572.0,43.62590126992069,2396507.472553668,2396507.0,56.374098730079304
34,,CHN,China,EAP,East Asia and Pacific,,,,2377187,1161275,1215912,441891.02155904775,441891.0,18.58882038136031,1935295.9784409523,1935296.0,81.41117961863968
35,2023,CIV,Côte d'Ivoire,WCA,West and Central Africa,3.85065007209778,5.61788988113403,2.09873008728027,827725,411795,415930,485344.94451941486,485345.0,58.63601371462924,342380.05548058514,342380.0,41.363986285370764
36,2023,CMR,Cameroon,WCA,West and Central Africa,3.70860004425049,,,2900898,1446176,1454722,2231982.1405572942,2231982.0,76.94107619631212,668915.8594427059,668916.0,23.05892380368789
37,,COD,Democratic Republic of the Congo,WCA,West and Central Africa,,,,1521941,747490,774451,189267.75382395182,189268.0,12.435945534284958,1332673.2461760482,1332673.0,87.56405446571505
38,2023,COG,Congo,WCA,West and Central Africa,16.0204601287842,15.8415603637695,16.196210861206,103000000,48000000,55400000,42073867.4419902,42073867.0,40.84841499222349,60926132.5580098,60926133.0,59.15158500777651
39,2023,COK,Cook Islands,EAP,East Asia and Pacific,1.34309995174408,,,3703559,1809704,1893855,711910.7370592062,711911.0,19.222340917458215,2991648.2629407938,2991648.0,80.77765908254179
40,2022,COL,Colombia,LAC,Latin America and Caribbean,7.32453012466431,6.78859996795654,7.83769989013672,132614,65135,67479,94201.92608371268,94202.0,71.03467664327498,38412.07391628732,38412.0,28.96532335672502
41,2023,COM,Comoros,ESA,Eastern and Southern Africa,22.2174950956061,24.4737347239107,20.0276350312835,897164,444777,452387,296816.69739504193,296817.0,33.083884038485934,600347.3026049581,600347.0,66.91611596151407
42,2021,CPV,Cabo Verde,WCA,West and Central Africa,10.8676795959473,10.9607000350952,10.777250289917,1575,769,806,392.95847452759745,393.0,24.94974441445063,1182.0415254724026,1182.0,75.05025558554937
43,2022,CRI,Costa Rica,LAC,Latin America and Caribbean,4.73484992980957,4.72574996948242,4.74352979660034,429284,209659,219625,88692.07527014363,88692.0,20.660466094739995,340591.9247298564,340592.0,79.33953390526001
44,2023,CUB,Cuba,LAC,Latin America and Caribbean,4.64097023010254,4.30890989303589,4.95152997970581,165142,80023,85119,71099.0997451728,71099.0,43.0533115410815,94042.9002548272,94043.0,56.9466884589185
45,2022,CYP,Cyprus,WE,Western Europe,0.839969992637634,,,745008,362207,382801,171077.94435795664,171078.0,22.963235879071988,573930.0556420434,573930.0,77.03676412092801
46,2022,CZE,Czechia,WE,Western Europe,0.0856899991631508,,,58763,28868,29895,19503.1772127308,19503.0,33.189553312000406,39259.8227872692,39260.0,66.81044668799959
47,2022,DEU,Germany,WE,Western Europe,1.91470003128052,1.51938998699188,2.28859996795654,561332,273020,288312,147114.12723841792,147114.0,26.208042163713795,414217.8727615821,414218.0,73.7919578362862
48,,DJI,Djibouti,ESA,Eastern and Southern Africa,,,,4082734,2032306,2050428,2009581.8482788156,2009582.0,49.22147385254135,2073152.1517211844,2073152.0,50.77852614745865
49,2023,DMA,Dominica,LAC,Latin America and Caribbean,12.8604803085327,12.9175901412964,12.8056201934815,1660392,811688,848704,632621.6680121474,632622.0,38.100741753281596,1027770.3319878526,1027770.0,61.899258246718404
50,2022,DNK,Denmark,WE,Western Europe,0.586499989032745,0.543340027332306,0.627489984035492,15600000,7745874,7874173,8664180.409570675,8664180.0,55.53961801006844,6935819.590429325,6935820.0,44.46038198993157
51,2023,DOM,Dominican Republic,LAC,Latin America and Caribbean,12.8885202407837,12.3163404464722,13.4389400482178,440154,213920,226234,53372.75212482503,53373.0,12.125926863058163,386781.247875175,386781.0,87.87407313694183
52,2023,DZA,Algeria,MENA,Middle East and North Africa,0.975709974765778,,,96032,46740,49292,21341.092517253317,21341.0,22.2228970731145,74690.90748274668,74691.0,77.7771029268855
53,2023,ECU,Ecuador,LAC,Latin America and Caribbean,4.71518993377685,3.15412998199463,6.20830011367798,5993,2944,3049,1768.914100769769,1769.0,29.516337406470367,4224.085899230231,4224.0,70.48366259352964
54,2021,EGY,Egypt,MENA,Middle East and North Africa,0.456030011177063,0.319279998540878,0.58635002374649,1155227,566905,588322,218635.83936914057,218636.0,18.925790287894984,936591.1606308594,936591.0,81.07420971210502
55,2022,ERI,Eritrea,ESA,Eastern and Southern Africa,44.8762512207031,47.7580413818359,42.0469093322754,1908776,933539,975237,690580.1970050565,690580.0,36.17921626241405,1218195.8029949435,1218196.0,63.82078373758594
56,2022,ESP,Spain,WE,Western Europe,1.79373002052307,1.69675004482269,1.884850025177,13900000,6715109,7138172,7964128.255405914,7964128.0,57.29588672953895,5935871.744594086,5935872.0,42.70411327046105
57,2022,EST,Estonia,WE,Western Europe,1.82405996322632,1.78609001636505,1.86037003993988,682413,333514,348899,190917.55875295843,190918.0,27.976834959615132,491495.44124704157,491495.0,72.02316504038487
58,2023,ETH,Ethiopia,ESA,Eastern and Southern Africa,23.1511804758681,25.6984684525756,20.6939674853738,190003,93376,96627,52929.35962794561,52929.0,27.857117849689537,137073.6403720544,137074.0,72.14288215031046
59,2022,FIN,Finland,WE,Western Europe,1.97632002830505,2.02835011482239,1.92657005786896,481742,235544,246198,288661.2511204815,288661.0,59.920299895064474,193080.74887951845,193081.0,40.07970010493552
60,2023,FJI,Fiji,EAP,East Asia and Pacific,1.88323178836289,,,91422,44506,46916,28450.426665993276,28450.0,31.119890908089165,62971.57333400672,62972.0,68.88010909191084
61,2022,FRA,France,WE,Western Europe,0.0146899996325374,,,201588,100169,101419,201588.0,201588.0,100.0,0.0,0.0,0.0
62,2022,FSM,Micronesia (Federated States of),EAP,East Asia and Pacific,15.9594496741492,14.8386132695756,17.0132059567294,17400000,8598132,8800962,13787189.222935122,13787189.0,79.23671967204092,3612810.777064879,3612811.0,20.763280327959073
63,2019,GAB,Gabon,WCA,West and Central Africa,28.4673084741717,28.3527374410567,28.5807610648375,104578,51115,53463,45755.11761694552,45755.0,43.7521444442861,58822.88238305448,58823.0,56.2478555557139
64,2022,GBR,United Kingdom,WE,Western Europe,0.0949100032448769,,,372953,182273,190680,54519.06792545697,54519.0,14.618214071332572,318433.93207454303,318434.0,85.38178592866743
65,2023,GEO,Georgia,EECA,Eastern Europe and Central Asia,2.4958701133728,2.46612000465393,2.52359008789062,4162250,2036658,2125592,813962.4333493873,813962.0,19.555827577617567,3348287.5666506127,3348288.0,80.44417242238244
66,2021,GHA,Ghana,WCA,West and Central Africa,11.3411903381348,19.4404201507568,19.080509185791,269557,133597,135960,28654.334863638855,28654.0,10.630157949390613,240902.66513636115,240903.0,89.36984205060938
67,2021,GIN,Guinea,WCA,West and Central Africa,18.488485824325,23.6904699030618,13.4443053957116,390643,193502,197141,151297.62543760528,151298.0,38.730407414853275,239345.37456239472,239345.0,61.269592585146725
68,2021,GMB,Gambia,WCA,West and Central Africa,23.3252126010736,18.3666348343495,28.1853855223249,333492,159737,173755,137958.37716728722,137958.0,41.36782206688233,195533.62283271278,195534.0,58.63217793311767
69,2010,GNB,Guinea-Bissau,WCA,West and Central Africa,30.6470699310303,31.7874393463135,29.5219306945801,3044765,1474167,1570598,690810.0273866854,690810.0,22.688451403858274,2353954.9726133146,2353955.0,77.31154859614172
70,2015,GNQ,Equatorial Guinea,WCA,West and Central Africa,61.8063583374023,61.2682609558105,62.3252792358398,4521498,2213392,2308106,1986761.301094165,1986761.0,43.94033351544478,2534736.698905835,2534737.0,56.05966648455522
71,2022,GRC,Greece,WE,Western Europe,0.0021800000686198,,,596668,288622,308046,124954.13991235627,124954.0,20.94198782444446,471713.8600876437,471714.0,79.05801217555553
72,2021,GRD,Grenada,LAC,Latin America and Caribbean,18.3710918201708,19.9222126188418,16.8811401688114,12687,6187,6500,8085.138814277407,8085.0,63.727743471879926,4601.861185722593,4602.0,36.272256528120074
73,2023,GTM,Guatemala,LAC,Latin America and Caribbean,7.45677995681763,7.48671007156372,7.42765998840332,2349045,1149081,1199964,1149772.1398950187,1149772.0,48.946365007695405,1199272.8601049813,1199273.0,51.05363499230459
74,2023,GUY,Guyana,LAC,Latin America and Caribbean,14.065299987793,14.6377401351929,13.5092897415161,2128675,1057017,1071658,1359378.6280852836,1359379.0,63.86031818315542,769296.3719147163,769296.0,36.13968181684458
75,2023,HND,Honduras,LAC,Latin America and Caribbean,20.6590595245361,19.5382804870606,21.7271499633789,320739,159399,161340,181666.13317373334,181666.0,56.63986393102596,139072.86682626666,139073.0,43.36013606897404
76,2022,HRV,Croatia,EECA,Eastern Europe and Central Asia,1.73281002044678,,,86991,42333,44658,63845.70562434083,63846.0,73.39346096072103,23145.294375659174,23145.0,26.606539039278974
77,,HTI,Haiti,LAC,Latin America and Caribbean,,,,1474263,724744,749519,659320.6599538646,659321.0,44.72205162537924,814942.3400461354,814942.0,55.27794837462076
78,2022,HUN,Hungary,WE,Western Europe,3.68225002288818,3.60703992843628,3.75328993797302,0,0,0,0.0,0.0,nan,0.0,0.0,nan
79,2023,IDN,Indonesia,EAP,East Asia and Pacific,0.710282152324965,,,1188831,581799,607032,510059.0404008976,510059.0,42.904251352875015,678771.9595991024,678772.0,57.09574864712498
80,2023,IND,India,SA,South Asia,1.4696876764144,1.61531988992598,1.33566179611677,365357,178146,187211,104672.15348173006,104672.0,28.649280972235392,260684.84651826994,260685.0,71.35071902776461
81,2022,IRL,Ireland,WE,Western Europe,1.10953998565674,,,32308,15765,16543,1998.9487003374998,1999.0,6.187163242347096,30309.0512996625,30309.0,93.8128367576529
82,2020,IRN,Iran (Islamic Republic of),MENA,Middle East and North Africa,2.01338005065918,2.25724005699158,1.78066003322601,120000000,56800000,62700000,79164361.75124502,79164362.0,65.97030145937084,40835638.248754986,40835638.0,34.029698540629155
83,2007,IRQ,Iraq,MENA,Middle East and North Africa,11.4304800033569,17.501070022583,5.61932992935181,28300000,13800000,14500000,12643164.66599184,12643165.0,44.6754935194058,15656835.33400816,15656835.0,55.3245064805942
84,2022,ISL,Iceland,WE,Western Europe,1.51547002792358,1.58299994468689,1.45080995559692,8062562,3916956,4145606,2023873.5819228785,2023874.0,25.102114959523764,6038688.4180771215,6038688.0,74.89788504047623
85,2022,ISR,Israel,MENA,Middle East and North Africa,3.65606999397278,3.46923995018005,3.8332200050354,6042916,2938341,3104575,1784306.727562219,1784307.0,29.527246904676797,4258609.272437781,4258609.0,70.4727530953232
86,2022,ITA,Italy,WE,Western Europe,2.50709009170532,2.59249997138977,2.42642998695373,562679,274679,288000,207234.6302054146,207235.0,36.82999191464665,355444.3697945854,355444.0,63.17000808535336
87,2023,JAM,Jamaica,LAC,Latin America and Caribbean,15.6776103973389,15.2418804168701,16.0977001190186,959237,466579,492658,72732.48089180922,72732.0,7.582326462783359,886504.5191081908,886505.0,92.41767353721664
88,2023,JOR,Jordan,MENA,Middle East and North Africa,2.73386001586914,2.32262992858887,3.12310004234314,2721071,1320544,1400527,804415.5721045812,804416.0,29.562461696316678,1916655.4278954188,1916655.0,70.43753830368333
89,2022,JPN,Japan,EAP,East Asia and Pacific,0.09672000259161,,,342112,167189,174923,151643.90808082445,151644.0,44.32580794617682,190468.09191917555,190468.0,55.67419205382318
90,2024,KAZ,Kazakhstan,EECA,Eastern Europe and Central Asia,4.29503345153747,3.85577170595374,4.70871847011487,6565401,3194362,3371039,550473.6123313885,550474.0,8.384462919041633,6014927.3876686115,6014927.0,91.61553708095836
91,2012,KEN,Kenya,ESA,Eastern and Southern Africa,16.6196098327637,15.1607398986816,18.0706100463867,1390703,683582,707121,125456.30360814976,125456.0,9.021070897822883,1265246.6963918502,1265247.0,90.97892910217712
92,2024,KGZ,Kyrgyzstan,EECA,Eastern Europe and Central Asia,4.09808616577549,4.55333967258616,3.66172463165674,1545325,750983,794342,657874.8119144571,657875.0,42.57193871285698,887450.1880855429,887450.0,57.42806128714302
93,2023,KHM,Cambodia,EAP,East Asia and Pacific,4.03643748859789,3.9380809724612,4.12961619665038,8345812,4144871,4200941,6089974.6584958425,6089975.0,72.97042706564493,2255837.3415041575,2255837.0,27.029572934355066
94,2023,KIR,Kiribati,EAP,East Asia and Pacific,12.2459697723389,12.3048801422119,12.1898698806763,17053,8156,8897,7834.667851774284,7835.0,45.94304727481548,9218.332148225716,9218.0,54.056952725184516
95,2010,KNA,Saint Kitts and Nevis,LAC,Latin America and Caribbean,1.14596998691559,,,,,,,,,,,
96,2022,KOR,Republic of Korea,EAP,East Asia and Pacific,1.07517004013062,1.18411004543304,0.971629977226257,321052,147171,173881,0.0,0.0,0.0,321052.0,321052.0,100.0
97,2015,KWT,Kuwait,MENA,Middle East and North Africa,2.95161008834839,,,581801,284059,297742,370311.7622962394,370312.0,63.64921378551075,211489.23770376062,211489.0,36.350786214489254
98,2024,LAO,Lao People's Democratic Republic,EAP,East Asia and Pacific,8.58675444289589,8.76163048294196,8.41858860884694,768062,377056,391006,499208.5788157518,499209.0,64.99586997088149,268853.4211842482,268853.0,35.00413002911851
99,2023,LBN,Lebanon,MENA,Middle East and North Africa,24.1605796813965,24.2525901794434,24.0727195739746,120252,58462,61790,38310.09101639535,38310.0,31.858173682263374,81941.90898360465,81942.0,68.14182631773663
100,2022,LBR,Liberia,WCA,West and Central Africa,37.6625506827719,36.7011594742952,38.6011800648336,346481,170361,176120,39523.737494766945,39524.0,11.407187549899401,306957.26250523305,306957.0,88.5928124501006
101,,LBY,Libya,MENA,Middle East and North Africa,,,,308224,154282,153942,221450.27004564716,221450.0,71.84718582772503,86773.72995435282,86774.0,28.152814172274976
102,2023,LCA,Saint Lucia,LAC,Latin America and Caribbean,6.61925983428955,,,794643,389455,405188,388171.8795162105,388172.0,48.84858729218159,406471.1204837895,406471.0,51.15141270781841
103,2021,LIE,Liechtenstein,WE,Western Europe,0.824760019779205,,,785627,382411,403216,156324.3245373636,156324.0,19.89803361358044,629302.6754626364,629303.0,80.10196638641956
104,2022,LKA,Sri Lanka,SA,South Asia,0.979661969168636,,,1922,846,1076,1646.4570829511204,1646.0,85.66374000786267,275.5429170488796,276.0,14.336259992137334
105,2023,LSO,Lesotho,ESA,Eastern and Southern Africa,26.6825379249253,26.6371466162504,26.7280671597929,115425,56192,59233,37306.8158162334,37307.0,32.321261265959194,78118.1841837666,78118.0,67.6787387340408
106,2022,LTU,Lithuania,WE,Western Europe,0.0236399993300438,,,38549,18879,19670,3476.60037674418,3477.0,9.01865256360523,35072.39962325582,35072.0,90.98134743639477
107,2022,LUX,Luxembourg,WE,Western Europe,0.345420002937317,0.172409996390343,0.509630024433136,3582613,1774174,1808439,2250219.314187058,2250219.0,62.80944422931134,1332393.6858129422,1332394.0,37.19055577068866
108,2022,LVA,Latvia,WE,Western Europe,1.4437700510025,1.07042002677918,1.79543995857239,3265900,1619150,1646750,2712754.002587462,2712754.0,83.06298424898073,553145.9974125382,553146.0,16.937015751019263
109,2023,MAR,Morocco,MENA,Middle East and North Africa,0.714739978313446,,,2997712,1454269,1543443,718378.5672851936,718379.0,23.96422896146106,2279333.4327148064,2279333.0,76.03577103853894
110,,MCO,Monaco,WE,Western Europe,,,,52058,24760,27298,31334.707150558574,31335.0,60.19191507656571,20723.292849441426,20723.0,39.80808492343429
111,2024,MDA,Republic of Moldova,EECA,Eastern Europe and Central Asia,26.4572904892621,,,3556557,1748291,1808266,2050130.5404741939,2050131.0,57.643685746473174,1506426.4595258061,1506426.0,42.356314253526826
112,2020,MDG,Madagascar,ESA,Eastern and Southern Africa,3.27082592545166,0.777484096158059,5.70740877578076,25578,12306,13272,1378.0860887456074,1378.0,5.387778906660441,24199.913911254393,24200.0,94.61222109333956
113,2023,MDV,Maldives,SA,South Asia,9.52615147756917,8.23864902196676,10.7141388808946,8856,4335,4521,2034.1465946921953,2034.0,22.96913498974927,6821.853405307805,6822.0,77.03086501025072
114,2022,MEX,Mexico,LAC,Latin America and Caribbean,0.341919988393784,,,712210,350756,361454,329952.8522568384,329953.0,46.328028566973,382257.1477431616,382257.0,53.671971433027
115,2022,MHL,Marshall Islands,EAP,East Asia and Pacific,2.44869995117188,0.545650005340576,4.16392993927002,83856,41128,42728,49648.406246082406,49648.0,59.2067428044295,34207.593753917594,34208.0,40.79325719557049
116,2022,MKD,North Macedonia,EECA,Eastern Europe and Central Asia,2.96356010437012,2.65597009658814,3.25169992446899,13400000,6563565,6867841,2659069.904395314,2659070.0,19.843805256681446,10740930.095604686,10740930.0,80.15619474331855
117,2023,MLI,Mali,WCA,West and Central Africa,32.5269012451172,35.8061408996582,29.3203506469727,14163,6897,7266,14163.0,14163.0,100.0,0.0,0.0,0.0
118,2022,MLT,Malta,WE,Western Europe,6.87698984146118,6.79471015930176,6.95265007019043,1267,601,666,0.0,0.0,0.0,1267.0,1267.0,100.0
119,2010,MMR,Myanmar,EAP,East Asia and Pacific,1.56431996822357,0.140599995851517,2.91776990890503,348598,172230,176368,109998.62996913292,109999.0,31.55457861752876,238599.37003086708,238599.0,68.44542138247124
120,2023,MNE,Montenegro,EECA,Eastern Europe and Central Asia,0.21832999587059,,,37501,17965,19536,12445.283464103915,12445.0,33.18653759660786,25055.716535896085,25056.0,66.81346240339214
121,2023,MNG,Mongolia,EAP,East Asia and Pacific,5.06079477310477,4.32590329423058,5.75611232915509,412,200,212,374.62463963098213,375.0,90.9283105900442,37.37536036901786,37.0,9.071689409955793
122,2022,MOZ,Mozambique,ESA,Eastern and Southern Africa,1.03396999835968,,,4015839,1955264,2060575,1507840.9367263666,1507841.0,37.547345317538046,2507998.0632736334,2507998.0,62.45265468246195
123,2019,MRT,Mauritania,WCA,West and Central Africa,30.5592803955078,28.9264106750488,32.1493797302246,6234768,3109782,3124986,3991007.6241670903,3991008.0,64.01212722216914,2243760.3758329097,2243760.0,35.987872777830866
124,2017,MSR,Montserrat,LAC,Latin America and Caribbean,0.451180011034012,,,4512706,2241061,2271645,3132781.067309619,3132781.0,69.42134203534684,1379924.932690381,1379925.0,30.57865796465316
125,2023,MUS,Mauritius,ESA,Eastern and Southern Africa,1.74340999126434,1.34008002281189,2.13104009628296,426063,213307,212756,212893.11766244777,212893.0,49.96752068648246,213169.88233755223,213170.0,50.03247931351754
126,2022,MWI,Malawi,ESA,Eastern and Southern Africa,2.24473583568187,,,1553,770,783,0.0,0.0,0.0,1553.0,1553.0,100.0
127,2023,MYS,Malaysia,EAP,East Asia and Pacific,1.85316416529779,0.822558199592221,2.81969487682959,2756209,1370347,1385862,2212143.904234383,2212144.0,80.26038316522379,544065.0957656173,544065.0,19.73961683477622
128,2015,NAM,Namibia,ESA,Eastern and Southern Africa,0.384891563800231,,,1085196,527914,557282,92349.19753162807,92349.0,8.509909503133818,992846.8024683719,992847.0,91.49009049686619
129,2023,NER,Niger,WCA,West and Central Africa,37.888988494873,39.7336311340332,36.1045684814453,376483,183526,192957,50683.49828006502,50683.0,13.46236039344805,325799.501719935,325800.0,86.53763960655195
130,2010,NGA,Nigeria,WCA,West and Central Africa,35.6459617614746,41.7222290039062,29.7455596923828,787033,382722,404311,326443.1047176525,326443.0,41.477689590862454,460589.8952823475,460590.0,58.522310409137546
131,2023,NIC,Nicaragua,LAC,Latin America and Caribbean,9.74831008911133,9.58625984191894,9.90565013885498,4330614,2129918,2200696,3619301.206373968,3619301.0,83.57478192177756,711312.7936260316,711313.0,16.425218078222432
132,2023,NIU,Niue,EAP,East Asia and Pacific,12.8571395874023,9.2592601776123,16.666669845581,34400000,16800000,17600000,17081774.345983304,17081774.0,49.65632077320728,17318225.654016696,17318226.0,50.34367922679272
133,2022,NLD,Netherlands (Kingdom of the),WE,Western Europe,0.405660003423691,0.275269985198975,0.529730021953583,161,79,82,88.92672413793105,89.0,55.23399014778326,72.07327586206895,72.0,44.76600985221674
134,2022,NOR,Norway,WE,Western Europe,0.949949979782104,0.959930002689362,0.940469980239868,114886,55349,59537,48294.358443990044,48294.0,42.03676552755779,66591.64155600996,66592.0,57.9632344724422
135,2024,NPL,Nepal,SA,South Asia,3.59600756344901,,,443669,215894,227775,78759.62363975693,78760.0,17.751887925403157,364909.37636024307,364909.0,82.24811207459685
136,2023,NRU,Nauru,EAP,East Asia and Pacific,3.74752998352051,2.44398999214172,4.97132015228271,298231,146809,151422,46108.386499559245,46108.0,15.46062833828785,252122.61350044076,252123.0,84.53937166171215
137,2022,NZL,New Zealand,EAP,East Asia and Pacific,2.54800009727478,2.41342997550964,2.67571997642517,25500000,12300000,13200000,16150165.49309371,16150165.0,63.33398232585768,9349834.50690629,9349835.0,36.66601767414232
138,2023,OMN,Oman,MENA,Middle East and North Africa,4.31122016906738,4.01791000366211,4.59302997589111,1502,701,801,301.43944636678157,301.0,20.069204152249107,1200.5605536332184,1201.0,79.93079584775089
139,2022,PAK,Pakistan,SA,South Asia,25.1649962156227,30.2777868970034,20.2735915362303,460425,225274,235151,148676.502798239,148677.0,32.291144659442686,311748.497201761,311748.0,67.7088553405573
140,2023,PAN,Panama,LAC,Latin America and Caribbean,9.74936008453369,9.49322986602783,9.99330043792725,1446039,699073,746966,1255614.2440049388,1255614.0,86.83128491036125,190424.75599506128,190425.0,13.168715089638749
141,2023,PER,Peru,LAC,Latin America and Caribbean,0.258359998464584,,,817515,399743,417772,314051.6815107582,314052.0,38.415402960283075,503463.3184892418,503463.0,61.584597039716925
142,2023,PHL,Philippines,EAP,East Asia and Pacific,9.56472979118054,8.90893713840031,10.1755745540717,3145490,1572215,1573275,694937.2136499914,694937.0,22.09313059809414,2450552.7863500086,2450553.0,77.90686940190585
143,2023,PLW,Palau,EAP,East Asia and Pacific,12.5941136208077,12.4444444444444,12.7226463104326,13400000,6568646,6877970,7114416.778702478,7114417.0,53.09266252763043,6285583.221297522,6285583.0,46.90733747236957
144,2018,PNG,Papua New Guinea,EAP,East Asia and Pacific,1.30555999279022,,,2357699,1149304,1208395,941718.3840140537,941718.0,39.942265064966044,1415980.6159859463,1415981.0,60.057734935033956
145,2022,POL,Poland,WE,Western Europe,0.0187699999660254,,,546643,266113,280530,190171.57078040298,190172.0,34.78898856848126,356471.429219597,356471.0,65.21101143151876
146,2009,PRK,Democratic People's Republic of Korea,EAP,East Asia and Pacific,0.171930000185966,,,159823,77411,82412,1382.0274787195958,1382.0,0.8647237748757036,158440.9725212804,158441.0,99.13527622512429
147,2022,PRT,Portugal,WE,Western Europe,0.337850004434586,,,2724486,1324167,1400319,505136.8907635547,505137.0,18.540630811226585,2219349.1092364453,2219349.0,81.45936918877341
148,2023,PRY,Paraguay,LAC,Latin America and Caribbean,12.2711296081543,12.2642297744751,12.277720451355,127367,62131,65236,73072.33929001389,73072.0,57.37148499219883,54294.66070998611,54295.0,42.62851500780116
149,2023,PSE,State of Palestine,MENA,Middle East and North Africa,8.92166042327881,9.14731979370117,8.70545959472656,991608,481929,509679,456162.1834046844,456162.0,46.00226938514861,535445.8165953156,535446.0,53.99773061485139
150,2022,QAT,Qatar,MENA,Middle East and North Africa,7.61488008499146,6.77296018600464,8.41294956207275,7264020,3536135,3727885,1857212.017238752,1857212.0,25.567275657814157,5406807.982761248,5406808.0,74.43272434218584
151,,RKS,Kosovo,EECA,Eastern Europe and Central Asia,,,,1962540,979373,983167,1624769.902996171,1624770.0,82.7891356607341,337770.097003829,337770.0,17.210864339265903
152,2022,ROU,Romania,EECA,Eastern Europe and Central Asia,15.6128101348877,15.6827297210693,15.5467395782471,4954,2485,2469,3429.3920859444943,3429.0,69.224709042077,1524.6079140555057,1525.0,30.77529095792301
153,2023,RUS,Russian Federation,EECA,Eastern Europe and Central Asia,4.93521976470947,4.2432599067688,5.58862018585205,15341,7570,7771,12475.710675861455,12476.0,81.32266916016853,2865.289324138545,2865.0,18.677330839831466
154,2023,RWA,Rwanda,ESA,Eastern and Southern Africa,0.48879000544548,,,11539,5772,5767,5515.8933030852995,5516.0,47.8021778584392,6023.1066969147005,6023.0,52.1978221415608
155,2021,SAU,Saudi Arabia,MENA,Middle East and North Africa,2.8173999786377,1.87489998340607,3.71557998657227,29008,13952,15056,23715.997025721437,23716.0,81.75674650345228,5292.002974278561,5292.0,18.243253496547716
156,2018,SDN,Sudan,ESA,Eastern and Southern Africa,33.8739814758301,36.3193702697754,31.4882297515869,1665,808,857,46.193491670888534,46.0,2.7743838841374493,1618.8065083291115,1619.0,97.22561611586255
157,2023,SEN,Senegal,WCA,West and Central Africa,26.5942707061768,20.5142402648926,32.5296516418457,36397,18010,18387,9898.851746496948,9899.0,27.196889157065,26498.148253503052,26498.0,72.803110842935
158,2022,SGP,Singapore,EAP,East Asia and Pacific,0.930599987506866,0.798900008201599,1.05558001995087,3478304,1713461,1764843,561971.9341940326,561972.0,16.156492767568118,2916332.0658059674,2916332.0,83.84350723243188
159,2023,SLB,Solomon Islands,EAP,East Asia and Pacific,28.6276173556422,28.4404006984652,28.8010351755372,2793583,1378592,1414991,1475226.892380389,1475227.0,52.80769865725804,1318356.107619611,1318356.0,47.19230134274196
160,2016,SLE,Sierra Leone,WCA,West and Central Africa,1.70402528418465,,,265196,128586,136610,116442.84033820027,116443.0,43.90821895435839,148753.15966179973,148753.0,56.09178104564161
161,2023,SLV,El Salvador,LAC,Latin America and Caribbean,14.3291997909546,13.1007204055786,15.4830102920532,9506,4621,4885,4117.020801176039,4117.0,43.309707565495884,5388.979198823961,5389.0,56.690292434504116
162,2023,SMR,San Marino,WE,Western Europe,6.76642990112305,5.85105991363525,7.64331007003784,1255614,626872,628742,727570.4168343216,727570.0,57.94538901559887,528043.5831656784,528044.0,42.05461098440113
163,,SOM,Somalia,ESA,Eastern and Southern Africa,,,,233331,113873,119458,0.0,0.0,0.0,233331.0,233331.0,100.0
164,2022,SRB,Serbia,EECA,Eastern Europe and Central Asia,1.70560002326965,1.64392995834351,1.76377999782562,226558,110728,115830,104838.07848815445,104838.0,46.274277883877176,121719.92151184555,121720.0,53.72572211612282
165,2015,SSD,South Sudan,ESA,Eastern and Southern Africa,63.0254287719727,67.828742980957,58.3362808227539,130338,63254,67084,59250.79083151552,59251.0,45.459337132314076,71087.20916848448,71087.0,54.54066286768592
166,2021,STP,Sao Tome and Principe,WCA,West and Central Africa,5.83157598762829,7.25960996505467,4.41003198114795,109807,53151,56656,83729.28874777188,83729.0,76.25132163502496,26077.711252228124,26078.0,23.748678364975024
167,2023,SUR,Suriname,LAC,Latin America and Caribbean,48.9471588134766,82.8109664916992,16.1986408233643,2763693,1373049,1390644,1520841.4483295104,1520841.0,55.02931940448923,1242851.5516704896,1242852.0,44.97068059551078
168,2022,SVK,Slovakia,WE,Western Europe,2.8592700958252,2.78123998641968,2.93321990966797,8019675,3967504,4052171,2698213.122502098,2698213.0,33.64491855969348,5321461.877497902,5321462.0,66.35508144030652
169,2022,SVN,Slovenia,WE,Western Europe,1.2043399810791,1.18823003768921,1.21948003768921,1809074,893464,915610,1454225.2895925113,1454225.0,80.38506382782083,354848.7104074888,354849.0,19.61493617217918
170,2022,SWE,Sweden,WE,Western Europe,0.566910028457642,0.574090003967285,0.560140013694763,2819664,1364873,1454791,554871.0690474985,554871.0,19.678623731320418,2264792.9309525015,2264793.0,80.32137626867957
171,2019,SWZ,Eswatini,ESA,Eastern and Southern Africa,10.4842700958252,11.6624298095703,9.3067798614502,1675497,825639,849858,1365939.1781764533,1365939.0,81.52441801903872,309557.8218235467,309558.0,18.475581980961277
172,2023,SYC,Seychelles,ESA,Eastern and Southern Africa,2.83371996879578,3.40136003494263,2.28627991676331,521522,254939,266583,124307.53903042607,124308.0,23.835531201066505,397214.46096957393,397214.0,76.1644687989335
173,2023,SYR,Syrian Arab Republic,MENA,Middle East and North Africa,23.5768909454346,23.2590103149414,23.8795890808106,6778254,3343328,3434926,4430164.859622024,4430165.0,65.3584958548621,2348089.140377976,2348089.0,34.64150414513791
174,2021,TCA,Turks and Caicos Islands,LAC,Latin America and Caribbean,4.86958973214641,,,62855,30300,32555,21333.279054585517,21333.0,33.94046464813542,41521.72094541448,41522.0,66.05953535186458
175,2023,TCD,Chad,WCA,West and Central Africa,23.8714904785156,30.5496597290039,17.3776702880859,711138,345776,365362,89382.31587077212,89382.0,12.568912907308022,621755.6841292279,621756.0,87.43108709269198
176,2023,TGO,Togo,WCA,West and Central Africa,0.771740019321442,,,502915,244735,258180,131776.97926178662,131777.0,26.202634493261606,371138.0207382134,371138.0,73.79736550673839
177,2024,THA,Thailand,EAP,East Asia and Pacific,1.82021560338619,1.63113112518915,1.99841892606607,2075685,1017704,1057981,951448.3489374307,951448.0,45.83780048212665,1124236.6510625693,1124237.0,54.16219951787335
178,2017,TJK,Tajikistan,EECA,Eastern Europe and Central Asia,4.00798988342285,4.84686994552612,3.2113299369812,920981,448075,472906,671078.5400169162,671079.0,72.8656226368314,249902.45998308374,249902.0,27.134377363168593
179,2023,TKL,Tokelau,EAP,East Asia and Pacific,18.3673496246338,11.6504898071289,25.8064498901367,4710334,2286964,2423370,2357584.595024718,2357585.0,50.05132534178506,2352749.404975282,2352749.0,49.948674658214934
180,,TKM,Turkmenistan,EECA,Eastern Europe and Central Asia,,,,183232,89977,93255,127203.52153850105,127204.0,69.4221105148124,56028.47846149895,56028.0,30.577889485187605
181,2020,TLS,Timor-Leste,EAP,East Asia and Pacific,5.03631222520662,1.58180361716291,8.26221632214426,1311599,653813,657786,764640.5743492056,764641.0,58.29834990337791,546958.4256507944,546958.0,41.701650096622096
182,2023,TON,Tonga,EAP,East Asia and Pacific,0.513103979877487,,,128,62,66,128.0,128.0,100.0,0.0,0.0,0.0
183,2023,TTO,Trinidad and Tobago,LAC,Latin America and Caribbean,33.8896293640137,33.1981506347656,34.5569610595703,14884,7183,7701,11441.132870981946,11441.0,76.8686701893439,3442.8671290180537,3443.0,23.131329810656098
184,2023,TUN,Tunisia,MENA,Middle East and North Africa,1.9412100315094,1.59280002117157,2.27066993713379,135067,66499,68568,63232.72271342375,63233.0,46.815819344046844,71834.27728657625,71834.0,53.18418065595316
185,2022,TUR,Türkiye,EECA,Eastern Europe and Central Asia,0.263200014829636,,,1161457,562239,599218,360689.62602633773,360690.0,31.054927218686334,800767.3739736623,800767.0,68.94507278131367
186,2023,TUV,Tuvalu,EAP,East Asia and Pacific,0.975709974765778,,,5485775,2681536,2804239,1363606.2154623182,1363606.0,24.857129857901903,4122168.784537682,4122169.0,75.14287014209809
187,2023,TZA,United Republic of Tanzania,ESA,Eastern and Southern Africa,16.3821768485554,13.8192945179723,18.8993290237309,529447,261098,268349,256287.5864019376,256288.0,48.406655699614426,273159.4135980624,273159.0,51.59334430038558
188,2017,UGA,Uganda,ESA,Eastern and Southern Africa,11.5400385431892,10.4414221086516,12.6362308313425,3045,1488,1557,210.15182270667083,210.0,6.901537691516284,2834.848177293329,2835.0,93.09846230848372
189,2021,UKR,Ukraine,EECA,Eastern Europe and Central Asia,15.8709897994995,15.8017196655273,15.9361696243286,1583,771,812,595.3605918313104,595.0,37.6096394081687,987.6394081686896,988.0,62.3903605918313
190,2022,URY,Uruguay,LAC,Latin America and Caribbean,0.0360299982130527,,,9629931,4774402,4855529,7340467.840038085,7340468.0,76.2255496954037,2289463.159961914,2289463.0,23.774450304596307
191,2022,USA,United States,NA,North America,3.98220992088318,3.78526997566223,4.1700701713562,1701347,825047,876300,521421.1003897502,521421.0,30.64754576166709,1179925.8996102498,1179926.0,69.35245423833291
192,2024,UZB,Uzbekistan,EECA,Eastern Europe and Central Asia,0.736521325108766,,,400803,196981,203822,54018.25954159751,54018.0,13.477508786510459,346784.7404584025,346785.0,86.52249121348954
193,,VAT,Holy See,WE,Western Europe,,,,4931759,2407776,2523983,818751.7288710233,818752.0,16.601616763329744,4113007.2711289767,4113007.0,83.39838323667026
194,2023,VCT,Saint Vincent and the Grenadines,LAC,Latin America and Caribbean,1.38979388175573,,,11500000,5696600,5827611,7615791.831405833,7615792.0,66.22427679483334,3884208.168594166,3884208.0,33.77572320516666
195,2023,VEN,Venezuela (Bolivarian Republic of),LAC,Latin America and Caribbean,0.547710001468658,,,24500000,12000000,12500000,24500000.0,24500000.0,100.0,0.0,0.0,0.0
196,2022,VGB,British Virgin Islands,LAC,Latin America and Caribbean,1.00672996044159,,,282850,138435,144415,13197.760646838753,13198.0,4.665992804256232,269652.23935316125,269652.0,95.33400719574377
197,2015,VNM,Viet Nam,EAP,East Asia and Pacific,0.34684252366635,,,2553795,1243756,1310039,1264688.83550395,1264689.0,49.52194030859759,1289106.16449605,1289106.0,50.4780596914024
198,2023,VUT,Vanuatu,EAP,East Asia and Pacific,8.58085172041352,8.01864244741874,9.10858510320072,46393,22365,24028,34667.83883282468,34668.0,74.72644328416933,11725.16116717532,11725.0,25.273556715830665
199,2023,WSM,Samoa,EAP,East Asia and Pacific,2.98071303331385,2.39094725314839,3.52583928471012,3275600,1601446,1674154,386269.7194525185,386270.0,11.792334822704802,2889330.2805474815,2889330.0,88.2076651772952
200,2016,YEM,Yemen,MENA,Middle East and North Africa,24.3842792510986,29.0406608581543,19.9429302215576,7502258,3542235,3960023,4807498.136396161,4807498.0,64.08068259444238,2694759.8636038387,2694760.0,35.919317405557614
201,2022,ZAF,South Africa,ESA,Eastern and Southern Africa,11.5842599868774,10.1394300460815,12.9784297943115,4576134,2242662,2333472,2899327.7294878373,2899328.0,63.35757933416804,1676806.2705121625,1676806.0,36.642420665831956
202,2017,ZMB,Zambia,ESA,Eastern and Southern Africa,14.445050239563,13.4147996902466,15.4824495315552,3645211,1807712,1837499,2058781.4857519756,2058781.0,56.47907585464807,1586429.5142480244,1586430.0,43.52092414535193
203,2022,ZWE,Zimbabwe,ESA,Eastern and Southern Africa,5.58717233995122,,,3016359,1503298,1513061,2044834.0607723135,2044834.0,67.79146848144778,971524.9392276865,971525.0,32.20853151855222
